{
  "w1": 0.421411833693719,
  "w2": -0.09968420839325294,
  "bias": 0.5367864819410613
}